Product URL,Description,ASIN,Manufacturer
https://www.amazon.in/Mammon-Womens-Handbag-plain-tan-35x35/dp/B07LBC7Z59,N/A,N/A,N/A
https://www.amazon.in/Zureni-OXO-Biodegradable-Drawstring-Anti-drip-Warehouse/dp/B0BTHC4F2T,N/A,N/A,N/A
https://www.amazon.in/POLESTAR-backpack-Backpack-College-Students/dp/B08X2KR6T9,N/A,N/A,N/A
https://www.amazon.in/AirCase-C30-Messenger-Compartments-Multi-Pockets/dp/B07V47HHRG,N/A,N/A,N/A
https://www.amazon.in/Red-Lemon-Unisex-adult-Waterproof-Charging/dp/B09VGNTDRZ,N/A,N/A,N/A
https://www.amazon.in/Lunars-Router-Resistant-Raincover-Organiser/dp/B08YR63B9M,N/A,N/A,N/A
https://www.amazon.in/Dyazo-Resistant-Compatible-laptops-Notebooks/dp/B09BFV96TS,N/A,N/A,N/A
https://www.amazon.in/Lunars-Travel-Laptop-Bag-compartments/dp/B08NHKF2G7,N/A,N/A,N/A
https://www.amazon.in/JD-Expandable-Waterproof-Sakura-Pink/dp/B0BRNP6M1D,N/A,N/A,N/A
https://www.amazon.in/Gear-DOUBLE-DECKER-Resistant-Backpack/dp/B0BTJ3WTMV,N/A,N/A,N/A
https://www.amazon.in/Martucci-Waterproof-Backpack-College-Business/dp/B0BRJRVH6D,N/A,N/A,N/A
https://www.amazon.in/Gear-Black-Laptop-Backpack-LBPASPIRE0104/dp/B075MK4TXP,N/A,N/A,N/A
https://www.amazon.in/Gear-Classic-Leather-Backpack-LBPCLSLTH0101/dp/B07G4D13LB,N/A,N/A,N/A
https://www.amazon.in/Bag-Charging-Reflective-College-Blue/dp/B0C4L2KX2W,N/A,N/A,N/A
https://www.amazon.in/FATMUG-Foldable-Luggage-Packing-Storage/dp/B07YFPF4QT,N/A,N/A,N/A
https://www.amazon.in/Swiss-Military-Backpack-Pockets-LTB5A/dp/B0BHJ9WMZK,N/A,N/A,N/A
